# Author aliases for preset names: alias<TAB>canonical, both case-folded.
# A canonical of `a + b` credits several people; `unknown` marks a title fragment that sits
# where an author would (the whole name then has an unknown author).
# Hand-checked against the cream-of-the-crop pack; only spellings clearly of one person.

# Misspellings and short forms
$$$ royal	royal
aderassi	aderrasi
fishbrrain	fishbrain
flexci	flexi
goodie	goody
isosceled	isosceles
isoseceles	isosceles
rceordinary	rce-ordinary
rova	rovastar
rovaster	rovastar
stahlregan	stahlregen
sukma	suksma
suskma	suksma
telec	telek
tobias wolf boi	tobiaswolfboi
tobias wolfboi	tobiaswolfboi
vovon	vovan
xpand	x-pand
# `Esotic & Rozzer` and `Rozzor & Esotic` are the same pair
rozzer	rozzor
# Idiot24-7 also signs as Idiot (`Pinbi7 & Idiot`, `Rovastar & Idiot24-7`)
idiot	idiot24-7
# DemonLD: `Demon Lord + Flexi - Future dominanta` is `DemonLD_-_Future_domination`
demon lord	demonld
redi	redi jedi
redijedi	redi jedi
cope-wip	cope
goody's portfolio	goody
goody's lightning	goody

# Phat's joint credits written with an underscore
eos_phat	eos + phat
phat_aderrasi	phat + aderrasi
phat_eos	phat + eos
phat_rovastar	phat + rovastar
phat_shifter	phat + shifter
phat_zylot	phat + zylot
eosn phat	eos + phat
telek empr	telek + empr

# AdamFX's house names in the author slot, with the original author where it is named
adamfx to geiss	geiss + adamfx
ft adamfx preset pack	adamfx
new creation sensation ft adamfx amandio c n martin	amandio c + martin + adamfx
a tribute to martin	martin + adamfx
allstarz in milk	adamfx
fx new trendz	adamfx
hdfx with flexi	flexi + adamfx
liquid glowsticks	martin + adamfx
milk artist at our best	adamfx
milk king to the extreemfx flexi	flexi + adamfx
new creation sensation	adamfx
starz in milkhdfx	adamfx
with adamfx presentation	adamfx
artist geiss	geiss
friendzfx	adamfx

# Compilations
va ultramix	various artists
va ultramix2	various artists
various	various artists

# Title fragments in the author slot (mostly Suksma-style names)
anglican't americouldn't	unknown
cortex meat	unknown
cpe domains flacc	unknown
empty flow	unknown
fleekus flokus	unknown
forum collaboration thread	unknown
gaping h	unknown
greazed up humility	unknown
infinitely symbolic	unknown
loin bowel	unknown
midgitstraights of majillaen	unknown
niko radiative bunchess	unknown
rarian rakista	unknown
repressed americans	unknown
stupid mash5	unknown
technothrob holotorics	unknown
the ultimate preset	unknown
undulate harque	unknown
